id,name,listeners,alive,management,nationality,band
brma,Bruno Mars,130.665.724,1,Gorilla Management,USA,2
jubi,Justin Bieber,123.866.215,1,Bieber Family Office,Kanada,2
thwe,The Weeknd,112.866.215,1,SALXCO,Kanada,2
riha,Rihanna,110.748.263,1,Roc Nation,Barbados,2
shak,Shakira,102.993.750,1,Nadine Eliya,Kolumbien,2
mija,Michael Jackson,102.258.309,2,Frank DiLeo,USA,2
tasw,Taylor Swift,101.258.309,1,13 Management,USA,2
babu,Bad Bunny,98.421.585,1,Rimas Entertainment,Puerto Rico,2
laga,Lady Gaga,97.598.711,1,Artist Nation,USA,2
argr,Ariana Grande,93.663.942,1,Good World Management,USA,2
cold,Coldplay,92.150.715,1,Phil Harvey,UK,1
drak,Drake,91.647.790,1,Oliver El-Khatib,Kanada,2
kape,Katy Perry,91.381.795,1,Direct Management Group,,2
pibu,Pitbull,87.560.499,1,Mr 305,USA,2
dagu,David Guetta,87.128.013,1,Pierre-Georges Kieffer,Frankreich,2
edsh,Ed Sheeran,83.136.495,1,Grumpy Old Management,UK,2
caha,Calvin Harris,80.502.694,1,Three Six Zero,Schottland,2
maro,Maroon5,"79,434,140",1,Full Stop Management,USA,1
biei,Billie Eilish,"77,592,308",1,Sandbox Entertainment,USA,2
jbal,J Balvin,"71,824,821",1,Roc Nation,Kolumbien,2
emin,Eminem,"70,776,320",1,Goliath Artists,USA,2
kawe,Kanye West,"69,241,912",1,NA / John Monopoly,USA,2
olro,Olivia Rodrigo,"68,518,768",1,"NA / Josh Dembling, Mookie Singerman",USA,2
sia,Sia,"68,311,136",1,Crush Music,Australien,2
duli,Dua Lipa,"67,460,040",1,Radical22,UK,2
kela,Kendrick Lamar,"67,354,956",1,pgLang,USA,2
sza,Sza,"66,334,411",1,NA,USA,2
bley,Black Eyed Peas,"66,131,959",1,Grassroots Management,USA,1
daya,Daddy Yankee,"65,510,345",1,NA,Puerto Rico,2
hast,Harry Styles,"64,213,153",1,Full Stop Management,UK,2
lade,Lana Del Rey,"62,608,894",1,TaP Music,USA,2
sepa,Sean Paul ,"62,342,194",1,Dutty Rock Productions,Jamaica,2
beyo,Beyoncé,"61,233,48",1,Parkwood Entertainment,USA,2
zala,Zara Larsson,"61,172,908",1,Epic Records,Schweden,2
poma,Post Malone,"60,914,013",1,Republic Records,USA,2
saca,Sabrina Carpenter,"60,809,913",1,Island Records,USA,2
taim,Tame Impala,"59,693,027",1,Interscope Records,Australien,1
trsc,Travis Scott,"58,910,338",1,Cactus Jack Records,USA,2
chbr,Chris Brown,"58,576,954",1,RCA Records,USA,2
micy,Miley Cyrus,"57,715,404",1,Atlantic Records,USA,2
juti,Justin Timberlake,"56,692,573",1,RCA Records,USA,2
somb,Sombr,"56,490,387",1,Warner Records,USA,2
dofi,Dominic Fike,"56,490,387",1,Columbia Records,USA,2
mado,Madonna,"55,872,023",1,Warner Records,USA,2
bubo,Burna Boy,"55,272,197",1,Atlantic Records,Nigeria,2
lipa,Linkin Park,"55,114,620",1,Warner Records,USA,1
shme,Shawn Mendes,"54,762,317",1,Island Records,Kanada,2
sasm,Sam Smith,"54,462,150",1,Capitol Records,England,2
adel,Adele,"54,393,843",1,Columbia Records,England,2
arsi,Arijit Singh,"54,359,160",1,Oriyon Music,Indien,2
khal,Khalid,"53,575,444",1,RCA Records,USA,2
doca,Doja Cat,"53,564,185",1,RCA Records,USA,2
futu,Future,"53,395,560",1,Epic Records,USA,2
hals,Halsey,"53,285,791",1,Astralwerks,USA,2
mars,Marshmello,"53,107,313",1,Astralwerks,USA,2
imdr,Imagine Dragons,"52,947,881",1,Interscope Records,USA,1
jelo,Jennifer Lopez,"52,940,496",1,Epic Records,USA,2
karg,Karol G,"52,636,600",1,Interscope Records,Kolumbien,2
eljo,Elton John,"52,636,211",1,Island Records,UK,2
armo,Arctic Monkeys,"52,316,694",1,Warner Records,UK,1
elgo,Ellie Goulding,"52,252,136",1,Interscope Records,UK,2
shgh,Shreya Ghoshal,"52,245,474",1,NA,Indien,2
olde,Olivia Dean,"52,019,177",1,Virgin EMI,UK,2
raal,Rauw Alejandro,"51,540,944",1,Sony Latin,Puerto Rico,2
quee,Queen,"51,106,288",2,Virgin EMI,UK,1
flma,Fleetwood Mac,"50,927,710",2,Warner Bros.,UK,1
ozun,Ozuna,"50,884,448",1,Aura Music (Sony),Puerto Rico,2
thch,The Chainsmokers,"50,847,862",1,"Disruptor Records, Columbia Records (Sony)",USA,1
alke,Alicia Keys,"50,046,061",1,RCA Records (Sony),USA,2
prit,Pritam,"49,977,715",1,JAM8,Indien,2
djsn,DJ Snake,"49,896,357",1,Interscope Records (UMG),Frankreich,2
neyo,Ne Yo,"49,811,436",1,10K Projects,USA,2
jenn,JENNIE,"49,270,514",1,YG Entertainment ,Südkorea,2
malu,Maluma,"49,009,451",1,Sony Latin (Sony),Kolumbien,2
onre,One Repubilc,"48,777,950",1,Interscope Records (UMG),USA,1
caca,Camila Cabello,"48,358,731",1,Interscope Records (UMG),Kuba,2
brsp,Britney Spears,"47,912,792",1,RCA Records (Sony),USA,2
chpu,Charlie Puth,"47,797,248",1,Atlantic Records (WMG),USA,2
doom,Don Omar,"47,707,128",1,Unisono (Saban),Puerto Rico,2
ushe,Usher,"47,180,292",1,Mega (Gamma),USA,2
arra,A.R. Rahman,"47,065,172",1,KM MusiQ,Indien,2
jayz,Jay Z,"46,933,821",1,Roc Nation (UMG),USA,2
reho,Red Hot Chili Peppers ,"46,816,069",1,Warner Bros.,USA,1
nimi,Nicki Minaj,"46,690,230",1,Young Money,Trinidad und Tobago,2
fure,Fuerza Regida,"45,887,736",1,Rancho Humilde (Sony),USA,1
alwa,Alex Warren,"45,444,061",1,Atlantic Records (WMG),USA,2
ondi,One Direction,"45,421,328",2,Syco Records (Sony),UK,1
pepl,Peso Pluma,"45,369,656",1,Double P Records,Mexico,2
faru,Farruko,"45,250,185",1,"Sony Music Latin, Carbon Fiber Music",Puerto Rico,2
liwa,Lil Wayne,"44,837,933",1,Young Money,USA,2
kesh,Kesha,"44,759,046",1,Kesha Records,USA,2
dipl,Diplo,"44,740,843",1,Mad Decent (Sony),USA,2
thne,The Neighbourhood,"44,219,889",1,Warner Music (WMG),USA,1
flri,Flo Rida,"44,199,886",1,Atlantic Records (WMG),USA,2
thki,The Kid LAROI,"44,176,822",1,Columbia Records (Sony),Australien,2
wikh,Wiz Khalifa,"43,970,403",1,Taylor Gang,USA,2
raye,RAYE,"43,740,855",1,Independent Artist,UK,2
cent,50 cent,"43,581,191",1,G-Unit Records (UMG),USA,2
doto,Don Toliver,"43,354,747",1,Atlantic Records (WMG),USA,2
radi,Radiohead,"43,170,834",1,XL Recordings (Indigo),UK,1
puda,Puff Daddy,"12,416,407",1,Love Records (LR),USA,2
fuge,Fugees,"11,184,720",2,Columbia Records (Sony),USA,1
lega,Legado 7,"6,768,039",1,Lumbre Music,USA,1
biti,Big Time Rush,"2,466,173",1,Columbia Records (Sony),USA,1
paba,Paul Banks,"63,725",1,Matador Records,USA,2
licr,2 Live Crew,"492,371",2,Luke Records,USA,1
juwr,Juice WRLD,"29,638,237",2,Interscope Records (UMG),USA,2
ugod,U-God (Wu-Tang Clan),"49,013",1,Babygrande Records,USA,2
leca,Lewis Capaldi,"25,500,009",1,Vertigo Records (UMG),UK,2
kauc,Kali Uchis,"34,204,281",1,Capitol Records (UMG),USA,2
rior,Rita Ora,"10,974,824",1,BMG Rights Management (WMG),Kosovo,2
jegl,Jess Glynne,"27,865,814",1,EMI Records (UMG),UK,2
jame,James,"2,270,690",1,Factory Records,UK,1
neat,Ned's Atomic Dustbin,"46,332",2,Sony Music Entertainment ,UK,1
pjha, PJ Harvey,"1,423,296",1,Island Records,UK,1
rem,R.E.M,"23,603,266",2,Warner Bros. Records (WMG),USA,1
gwst,Gwen Stefani,"26,355,886",1,Interscope Records,USA,2
rafl,Rascal Flatts,"11,628,211",1,Big Machine Records,USA,1
gest,George Strait,"9,889,321",1,D Records,USA,2
brpa,Brad Paisley,"5,669,517",1,Arista Nashville,USA,2
timc,Tim McGraw,"10,133,954",1,Arista Nashville,USA,2
keur,Keith Urban,"6,754,032",1,Capitol Nashville,Australien,2
neki,New Kids on the Block,"1,599,671",1,Columbia Records,USA,1
thpu,The Pussycat Dolls,"17,038,203",1,Interscope Records,USA,1
tath,Take That,"6,703,836",1,EMI Records (UMG),UK,1
muse,Muse,"21,012,499",1,Warner Records,UK,1
nodo,No Doubt,"16,256,696",1,Interscope Records,USA,1
snpa,Snow Patrol,"13,772,091",1,Interscope Records,UK,1
grar,Groove Armada,"3,246,763",1,Columbia Records,UK,1
fait,Faithless,"11,938,861",1,Sony Music Entertainment,UK,1
joma,John Mayer,"15,762,925",1,Columbia Records,USA,2
shcr,Sheryl Crow,"8,661,394",1,Big Machine Records,USA,2
lekr,Lenny Kravitz,"19,355,629",1,Virgin Records,USA,2
thpo,The Police,"40,355,624",2,Illegal Records,UK,1
ofar,O.A.R. (Of A Revolution),"1,272,983",1,Lava Records,USA,1
matw,Matchbox Twenty,"9,316,795",1,Lava Records,USA,1
mibr,Michelle Branch,"2,831,151",1,Warner Records,USA,2
vaca,Vanessa Carlton,"11,209,457",1,Murder Inc. Records ,USA,2
flth,Florence + the Machine,"25,981,842",1,Island Records (UMG),UK,1
utwo,U2,"23,689,131",1,Island Records (UMG),Irland,1
trsi,Troye Sivan,"19,302,095",1,Interscope Records,Australien,2
mami,Mac Miller,"43,630,240",2,Warner Records,USA,2
lidr,Little Dragon,"1,273,363",1,Peacefrog Records,Schweden,1
jhai,Jhene Aiko,"14,594,187",1,Def Jam Recordings,USA,2
jesj,Jessie J,"21,159,350",1,Lava Records,UK,2
chag,Christina Aguilera,"33,245,694",1,RCA Records,USA,2
chlo,Cher Lloyd,"1,987,340",1,Epic Records,UK,2
clba,Clean Bandit,"35,225,156",1,Atlantic Records,UK,1
tamc,Tate McRae,"41,702,225",1,RCA Records (Sony),Kanada,2
kygo,Kygo,"28,371,172",1,Sony Music (Sony),Norwegen,2
fewa,Fetty Wap ,"20,503,217",1,300 Entertainment (WMG),USA,2
reho,Red Hot Chili Peppers,"47,449,827",1,Warner Bros. Records (WMG),USA,1
thva,The Vamps,"6,285,770",1,Virgin Records,UK,1
yoam,You Am I,"91,451",1,Virgin Records,Australien,1
thbl,The Black Keys,"8,955,539",1,Easy Eye Sound,USA,1
yeas,Yeasayer,"228,885",2,Mute Records,USA,1
mgmt,MGMT,"21,835,203",1,Columbia Records,USA,1
juij,Juicy J,"8,915,082",1,Columbia Records,USA,2
chgi,The Cheetah Girls,"635,451",2,Walt Disney Records,USA,1
dase,Daniel Seavey,"1,760,195",1,Atlantic Records,USA,2
neba,Nessa Barrett,"6,807,068",1,Warner Records,USA,2
sxte,SX-10,"2,586",1,NA,USA,1
syof,System of a Down,"26,176,073",1,Columbia Records,USA,1
auma,Austin Mahone,"3,502,172",1,Republic Records,USA,2
jape,Jack Penate ,"72,671",1,XL Recordings,UK,2
lord,Lorde,"26,767,744",1,Universal Music (UMG),Neuseeland,2
thlo,Theophilus London,"1,095,771",1,Downtown Music Publishing,USA,2
lizz,Lizzo,"10,470,164",1,Atlantic Records (WMG),USA,2
thko,The Kooks,"6,429,854",1,Listen,UK,1
delo,Demi Lovato ,"37,793,814",1,Island Records (UMG),USA,2
thjo,The Jonas Brothers,"18,265,963",1,Republic Records (UMG),USA,1
inte,Interpol,"2,943,491",1,Red Light Management ,USA,1
awol,AWOLNATION,"3,760,541",1,Two Twenty Five Music (TTFM),USA,1
thpa,The Parlotones ,"61,544",1,NA,Südafrika,1
gltr,Gloria Trevi,"8,680,615",1,NA,Mexico,2
lufo,Luis Fonsi,"25,180,553",1,Universal Music Latino,Puerto Rico,2
jora,Jordan Rakei,"1,961,858",1,Red Light Management ,Neuseeland,2
safe,Sam Fender,"18,620,688",1,Interscope Records,UK,2
moth,Mott the Hoople,"446,917",2,Island Records (UMG),UK,1
crst,"Crosby, Stills & Nash","4,211,768",2,Atlantic Records (WMG),USA,1
sndo,Snoop Dogg,"24,937,483",1,Death Row Records (UMG),USA,2
skri,Skrillex,"21,361,404",1,Owsla (WMG),USA,2
zabr,Zac Brown Band,"11,981,767",1,Home Grown Music,USA,1
bojo,Bon Jovi,"36,619,779",1,Island Records (UMG),USA,1
nsyn,NSYNC,"17,640,938",1,Jive Records (Zomba),USA,1
metr,Meghan Trainor,"20,861,329",1,Epic Records (Sony),USA,2
jaja,Janet Jackson,"8,818,844",1,Rhythm Nation (BMG),USA,2
majb,Mary J. Blige,"18,911,051",1,Mary Jane Productions (300),USA,2
xxxx,X,"347,648",1,Slash Records,USA,1
rost,Rolling Stones,"29,136,009",1,Polydor (UMG),UK,1
almo,Alanis Morissette,"10,397,585",1,Epiphany Music (Thirty Tigers),USA,2